{"<img border=\"0\" src=\"/_upload/site/00/ee/238/logo.png\"/>": "/main.htm", "哈尔滨工业大学（威海）": "http://www.hitwh.edu.cn/", "哈尔滨工业大学（深圳）": "http://www.hitsz.edu.cn/", "校园门户": "http://i.hit.edu.cn", "新闻网": "http://news.hit.edu.cn/", "校内信息": "http://today.hit.edu.cn/", "电子邮箱": "https://mail.hit.edu.cn/", "图书馆": "http://lib.hit.edu.cn/", "办公系统": "http://oa.hit.edu.cn/", "教师主页": "http://homepage.hit.edu.cn/home-index", "校园地图": "https://map.hit.edu.cn/", "服务指南": "/fwzn_11586/list.htm", "<i class=\"iconfont icondiqiu\"></i>": "http://en.hit.edu.cn/", "РУССКИЙ ": "http://ru.hit.edu.cn/", "首页": "http://www.hit.edu.cn", "学校概况": "/11530/list.htm", "学校简介": "/11538/list.htm", "概况一览": "/11539/list.htm", "学校历史": "/11540/list.htm", "历任领导": "/11541/list.htm", "现任领导": "/11542/list.htm", "学校标志": "/11544/list.htm", "老照片": "/11545/list.htm", "校园导游": "/11546/list.htm", "城市概览": "/11548/list.htm", "工大映像": "/11549/list.htm", "院系部门": "/11532/list.htm", "党群机构": "/11587/list.htm", "管理与服务机构": "/11588/list.htm", "教学与科研机构": "/11589/list.htm", "人才培养": "/11535/list.htm", "人才培养概况": "/11558/list.htm", "本科生教育": "http://hituc.hit.edu.cn/", "研究生教育": "http://hitgs.hit.edu.cn/", "国际学生教育": "http://studyathit.hit.edu.cn/", "继续教育": "http://sce.hit.edu.cn/", "奖贷学金": "/11563/list.htm", "科学研究": "/11533/list.htm", "科研概况": "http://keyan.hit.edu.cn/", "学科专业": "/11575/list.htm", "重点学科": "/11576/list.htm", "重点实验室/中心/基地": "/11577/list.htm", "研究所/中心": "/11578/list.htm", "博士后": "http://rsc.hit.edu.cn/bsh/index.psp", "学术期刊": "/11580/list.htm", "教师队伍": "/11534/list.htm", "总体介绍": "/11564/list.htm", "杰出人才": "/11565/list.htm", "博士生导师": "/11566/list.htm", "硕士生导师": "/sssds/list.htm", "教师搜索": "http://homepage.hit.edu.cn/home-index", "招生就业": "/11537/list.htm", "本科生招生": "https://zsb.hit.edu.cn/", "研究生招生": "http://yzb.hit.edu.cn/", "国际学生招生": "http://studyathit.hit.edu.cn/", "继续教育招生": "http://sce.hit.edu.cn/", "就业服务": "http://career.hit.edu.cn/", "国际合作": "http://www.international.hit.edu.cn/", "交流概况": "/11555/list.htm", "人才招聘": "/11536/list.htm", "领航学者": "/11569/list.htm", "优秀青年科学基金项目(海外)": "/11570/list.htm", "启航学者": "/11571/list.htm", "神舟学者": "/szxz/list.htm", "助理教授和博士后": "/11572/list.htm", "应聘方式": "/11573/list.htm", "服务管理岗位": "/glgw/list.htm", " 院系部门": "http://www.hit.edu.cn/main.htm", "快速访问通道": "/ksfwtd/list.htm", "\n": null, "<video autoplay=\"\" muted=\"\" playsinline=\"true\" webkit-playsinline=\"\" x-webkit-airplay=\"allow\" x5-playsinline=\"\"><source src=\"\" type=\"video/mp4\"/></video>": "https://mp.weixin.qq.com/s/wq_ssWk21Rxy145ppRzH5A", " 在逐梦中国式现代化中担起国之重托 哈工大党委书记熊四皓为本科新生讲授“开学第一课”": "https://mp.weixin.qq.com/s/OFs3li6uDaFZ5zPohEbktw", "17202名哈工大新生共赴梦想向未来！": "https://mp.weixin.qq.com/s/R4Rczk7-TbNWogiPJBJtig", "探秘！哈工大萌新住的高质量4人间到底长啥样？": "https://mp.weixin.qq.com/s/i_tjSQFMcF49M5TZZvwnXg", "哈工大要全面开放校园啦！不用预约，不限名额！": "https://mp.weixin.qq.com/s/vymouQtlQrlxI2AqK33TaA", "杰出人才培养的“哈工大之路”": "https://mp.weixin.qq.com/s/wq_ssWk21Rxy145ppRzH5A", " . . . ": "http://www.hit.edu.cn/11549/list.htm", "<span class=\"more\" frag=\"按钮内容\">更多 <em class=\"icon iconfont\"></em></span>": "/xysh/list.htm", "在逐梦中国式现代化中担起国之重托 哈工大党委书记熊四皓为本科新生讲授“开学第一课”": "http://news.hit.edu.cn/2023/0828/c1510a234119/page.htm", "哈工大学生在第七届全国大学生计算机系统能力培养大赛CPU设计赛中荣获团队特等奖": "http://news.hit.edu.cn/2023/0828/c1510a234113/page.htm", "哈工大学子在第五届中国研究生机器人创新设计大赛中创佳绩": "http://news.hit.edu.cn/2023/0827/c1510a234111/page.htm", "哈工大航天馆入选黑龙江省首批哲学社会科学普及示范基地": "http://news.hit.edu.cn/2023/0827/c1510a234110/page.htm", "清华大学校长王希勤一行来校调研": "http://news.hit.edu.cn/2023/0826/c1510a234105/page.htm", "哈工大承办中国生态学学会微生物生态专委会学术年会暨全球华人学者环境科技前沿论坛": "http://news.hit.edu.cn/2023/0826/c1510a234103/page.htm", "近200名专家学者相聚哈尔滨 共话搅拌摩擦焊接与加工技术进展": "http://news.hit.edu.cn/2023/0826/c1510a234107/page.htm", "萌新绽放，哈工大与你一见倾“新”": "https://mp.weixin.qq.com/s/tSJ_9qq0WFvlAwzBSg7Zmg", "3516！哈工大2023级本科新生数据大揭密！": "https://mp.weixin.qq.com/s/HAZSixF-cVpDssu1-zDc2w", "<img src=\"/_upload/article/images/6b/bc/34ddbafe4435a69d0b310aa7bf45/8d7d72ab-b035-4b30-9083-7dc9a298b7f7.jpg\"/>": "https://content-static.cctvnews.cctv.com/snow-book/video.html?item_id=12564752241754366590&t=1692842722510&toc_style_id=video_default&track_id=A2629F87-D1B9-4DBC-9C6E-674F79712F64_714558326210&share_to=wechat", "哈尔滨工业大学加大社会科普资源供给 学习航天科技知识 激发科学探索热情": "http://paper.people.com.cn/rmrb/html/2023-08/27/nw.D110000renmrb_20230827_4-05.htm", "风雨中的守护，哈工大有力量！": "https://wap.peopleapp.com/article/7179952/7025374", "卓越工程师！哈工大探索工科教育的未来→": "https://mp.weixin.qq.com/s/AIY9zjeQraAHOGus31-s8w", "哈工大：动真碰硬解难题 真改实改促发展": "https://wap.peopleapp.com/article/7172692/7018591", "<img class=\"lazy_img\" src=\"/_upload/article/images/e9/cf/17b85e7f406cbd8213f11c92337f/572c6ea6-3eeb-4e56-b343-a1e0106f185f.jpg\"/>": "http://news.hit.edu.cn/xjpxsd", "<img class=\"lazy_img\" src=\"/_upload/article/images/b7/77/e7720aec4a71bdd4f0b0c02a2f77/cced1780-1b8e-4054-be63-d72615d6ff3c.png\"/>": "http://news.hit.edu.cn/hx/main.htm", " ": "http://cgzx.hit.edu.cn/sfw_cms/e?page=cms.psms.gglist&shopping_type=GKCG&typeDetail=XQ", "<img src=\"/_upload/article/images/2a/d8/9cf9da874906aa20bf05bc6b5795/9f2494a1-121e-4e9b-8afa-7ae57cf55042.jpg\"/>": "https://mp.weixin.qq.com/s?__biz=MzI3NzU5NTEwNw==&mid=2247631588&idx=1&sn=a4139a07325d4f4c32318b1e56f4f06c&chksm=eb6f5468dc18dd7e6ef63bb84462eaf112bc2d3d93b936f53c54210346d663c9451a3644cc5f&token=1528071368&lang=zh_CN#rd", "16公里，哈工大行军拉练燃动夜幕下的哈尔滨！": "https://mp.weixin.qq.com/s?__biz=MzI3NzU5NTEwNw==&mid=2247631588&idx=1&sn=a4139a07325d4f4c32318b1e56f4f06c&chksm=eb6f5468dc18dd7e6ef63bb84462eaf112bc2d3d93b936f53c54210346d663c9451a3644cc5f&token=1528071368&lang=zh_CN#rd", "<img src=\"/_upload/article/images/80/ba/1508a3a241aba2e7dc059ce44c4e/c8216035-41bf-43ac-935d-99ad3fb55512.jpg\"/>": "http://tv.hit.edu.cn/2023/0612/c37a433/page.htm", "学在哈工大，享受“私人订制”！": "http://tv.hit.edu.cn/2023/0612/c37a433/page.htm", "<img src=\"/_upload/article/images/26/a4/91584bd6465a9380b148d655689a/7db175d5-6484-450f-a3bb-1fb66d88d64d.jpg\"/>": "http://tv.hit.edu.cn/2023/0822/c37a448/page.htm", "“在哈工大学三年建筑，感觉看什么都是美的”": "http://tv.hit.edu.cn/2023/0822/c37a448/page.htm", "<img src=\"/_upload/article/images/f5/ba/3dccbb6a4d97973756f7cf3ade7b/56eeb519-7f34-4e68-8662-76d8ae4831ac.jpg\"/>": "https://mp.weixin.qq.com/s/HbjhaqiDuotFPkXuLQve0g", "在哈工大，“创”出未来！": "https://mp.weixin.qq.com/s/HbjhaqiDuotFPkXuLQve0g", "<img src=\"/_upload/article/images/45/b7/0e175168417d9ab4241f85601b78/35ac0d6a-ed9e-4de6-8f4d-0d127b364f24.jpg\"/>": "http://tv.hit.edu.cn/2023/0609/c37a432/page.htm", "震撼发布！哈工大2023年招生宣传片《大学之大》": "http://tv.hit.edu.cn/2023/0609/c37a432/page.htm", "<img data-lazy=\"/_upload/article/images/30/eb/02accd304561be3afd01aa5f8638/55e036ac-7338-4fcf-ae5c-5b0b1868650c.jpg\" width=\"160\"/>": "https://mp.weixin.qq.com/s/z3oQzmdk_NUqn6FGckjsng", "<img data-lazy=\"/_upload/article/images/52/32/d1173a8047debd72a77b345f63dc/35d2eb99-dfc0-4d19-9002-7740e2143b07.jpg\" width=\"160\"/>": "https://mp.weixin.qq.com/s/qgqItY308-Jm5MDPaXvLXw", "<img data-lazy=\"/_upload/article/images/68/6e/f4e87475460485f7689bf7c7af50/94b2c8f3-d053-4faf-b8cc-c6a9d667b8fc.png\" width=\"160\"/>": "https://mp.weixin.qq.com/s/TL41y-7EU6-KyVZMlsdfiA", "<img data-lazy=\"/_upload/article/images/b2/b3/93b373ea47c8951e1f48f242c942/2ce4f972-d49b-41e4-934c-7a9e5525d34a.jpg\" width=\"160\"/>": "https://mp.weixin.qq.com/s/oi1BTBJ2us1L-CfRIOrtAw", "<img data-lazy=\"/_upload/article/images/21/a0/8bb1443e4e0bb3595ad708dc944a/5f53d7ee-30b9-4ab4-80b8-49a179207cb9.jpg\" width=\"160\"/>": "https://mp.weixin.qq.com/s/XM2MGy7HZCul_PKNgPYVNw", "<img data-lazy=\"/_upload/article/images/0e/e9/4d11d07e4dd9bf33af7408b377e1/8c0a3c33-f2df-4bc6-8a22-e59d6a32a937.jpg\" width=\"160\"/>": "https://mp.weixin.qq.com/s/rSNpM3ssfdgDsBlaNDJrLg", "<img data-lazy=\"/_upload/article/images/8d/9d/5cbc349f437db79f0d0b94296b2a/7434025e-8715-4847-acaf-61235cec4e86.jpg\" width=\"160\"/>": "https://mp.weixin.qq.com/s/pMxW5HeBcHTazCbmZYV6eQ", "<img data-lazy=\"/_upload/article/images/d9/a0/b26f35af4023907458e2906d948d/25234da2-3a18-424b-ae14-035258682088.jpg\" width=\"160\"/>": "https://mp.weixin.qq.com/s/c8o77zp5fw2WzLGsJgqKBg", "<img data-lazy=\"/_upload/article/images/2a/d5/56b52a6f447383aba4efac208847/99b511ed-ba5c-4dd3-b1bd-e739e3496674.png\" width=\"160\"/>": "http://news.hit.edu.cn/2023/0819/c1510a234083/page.htm", "<img data-lazy=\"/_upload/article/images/6a/4e/db673e6b4d4caccca910a96355af/c842bf01-1b0b-41b7-a80e-a442a4c91b98.jpg\" width=\"160\"/>": "https://wap.peopleapp.com/article/7163175/7009696", "<img data-lazy=\"/_upload/article/images/63/92/f43d0c5a4a8a8b47da515511977d/b8a947df-e201-4fc2-89b8-28631e701fe2.jpg\" width=\"160\"/>": "http://news.hit.edu.cn/2023/0810/c1510a234037/page.htm", "<img data-lazy=\"/_upload/article/images/8f/0e/27ac723d42dd8481c9fbec77fb17/e78bbbd1-1c5c-491a-bc5c-74e3eac63406.jpg\" width=\"160\"/>": "http://news.hit.edu.cn/2023/0703/c1510a233733/page.htm", "<img data-lazy=\"/_upload/article/images/64/cf/56cfa4d144b49a865d19c1883136/fde84619-d6e2-440b-aed6-a923f33635d4.jpeg\" width=\"160\"/>": "http://news.hit.edu.cn/2023/0615/c1510a233600/page.htm", "<img data-lazy=\"/_upload/article/images/e9/71/5a9ec0ed48ec89ea61ce2c7c6c57/cd4dbf47-078c-47a5-97d3-0661c9cc9b5d.jpg\" width=\"160\"/>": "http://news.hit.edu.cn/2023/0614/c1510a233574/page.htm", "<img data-lazy=\"/_upload/article/images/40/89/91790460407cbfbc95323d3fe9e6/09d1563a-f2c2-4c98-9c7e-0e4998c5dbf3.jpg\" width=\"160\"/>": "http://news.hit.edu.cn/2023/0609/c1510a233514/page.htm", "<img data-lazy=\"/_upload/article/images/5b/63/fee0285f4c51b85f4da76bbf8f2b/0976bcb5-5ecd-4c43-98d6-0295b7efcd6b.jpg\" width=\"160\"/>": "http://news.hit.edu.cn/2023/0608/c1510a233500/page.htm", "<img data-lazy=\"/_upload/article/images/b0/39/b60133554bd19305993e9cd2dc2c/93c23233-9376-4414-b51c-5e1c2496c7c6.png\" width=\"160\"/>": "https://mp.weixin.qq.com/s/tSJ_9qq0WFvlAwzBSg7Zmg", "<img data-lazy=\"/_upload/article/images/10/cb/06c81cf5445385693df2593ac13d/3bd406df-62f4-4f14-adf3-099d9020d698.jpg\" width=\"160\"/>": "https://mp.weixin.qq.com/s/YlZaJyortkytmCTcfXSHxA", "<img data-lazy=\"/_upload/article/images/78/9a/28f6637b44f8b2b1da2d33bc919c/64039024-22bb-4a47-8b53-1e97357aff50.jpg\" width=\"160\"/>": "https://mp.weixin.qq.com/s/QhJmWkZcqJ1ZNc04BofJfw", "<img data-lazy=\"/_upload/article/images/bc/15/30591be548238278e74e221475f8/c04dec93-8678-4bd9-a10e-692a494e2883.png\" width=\"160\"/>": "https://mp.weixin.qq.com/s/742OSPHFBLbpVzOGyHDrXQ", "<img data-lazy=\"/_upload/article/images/c0/fd/4bb1c68245cfb5899d66cf5da97b/fd8fdab4-075e-4945-a100-60ca0910fb76.jpg\" width=\"160\"/>": "https://mp.weixin.qq.com/s/aS0qJj5rCEWv2ELJIxF0Uw", "<img data-lazy=\"/_upload/article/images/53/a7/8f58bb884c1f8ebdc04c507b7cd3/75d0c775-315f-4565-88cf-d5254f52853b.jpg\" width=\"160\"/>": "https://mp.weixin.qq.com/s/IOvEjkou-SG9Nmb-DwAtiw", "<img data-lazy=\"/_upload/article/images/5f/c2/e9634bef45d8930efdfae23143d7/1f4a8845-2d67-4fe7-8182-59ebf00cfbe1.jpg\" width=\"160\"/>": "https://mp.weixin.qq.com/s/i3S6ky0SE8h9lt0NgHo5_A", "<img data-lazy=\"/_upload/article/images/40/93/cfb58f3a414cb5e5e4cdd504ef2f/3f3667ff-3450-4c22-ad68-2af1f50b8052.jpg\" width=\"160\"/>": "http://news.hit.edu.cn/2023/0527/c1510a233361/page.htm", "校医院": "http://hityy.hit.edu.cn/", "设备共享平台": "http://hitcam.hit.edu.cn/", "哈工大报": "http://hit.ihwrm.com/", "网络电视": "http://tv.hit.edu.cn/", "学报编辑部": "http://hit.alljournals.cn/home/default.aspx", "哈工大学报（社科版）": "http://hit.alljournals.cn/home/#auditing_article_list_simple_ui", "--党群机构--": "#", "学校办公室": "http://office.hit.edu.cn/", "组织部": "http://zzb.hit.edu.cn/", "宣传部/教师工作部": "http://news.hit.edu.cn/", "博物馆": "http://www.museum.hit.edu.cn/", "统战部": "http://tzb.hit.edu.cn/", "纪委办公室": "http://qingfeng.hit.edu.cn/", "学生工作部": "http://xg.hit.edu.cn/", "保卫部": "http://bwc.hit.edu.cn/", "工会": "http://gh.hit.edu.cn/", "团委": "https://xg.hit.edu.cn/", "机关党委": "http://jgdw.hit.edu.cn", "--管理与服务机构--": "#", "本科生院": "http://hituc.hit.edu.cn/", "本科生招生办公室": "http://zsb.hit.edu.cn/", "研究生院": "http://hitgs.hit.edu.cn/", "学科建设办公室": "http://xkb.hit.edu.cn/", "科学与工业技术研究院": "http://keyan.hit.edu.cn", "学生工作处": "http://xg.hit.edu.cn/", "人事处": "http://rsc.hit.edu.cn/", "国际合作部": "http://www.international.hit.edu.cn/", "计划财务处": "http://cwc.hit.edu.cn", "监察处/行政效能投诉中心": "http://qingfeng.hit.edu.cn", "审计处": "http://sj.hit.edu.cn/", "国有资产管理处": "http://gzc.hit.edu.cn/", "资产经营公司": "http://aim.hit.edu.cn/", "总务处": "http://hqjt.hit.edu.cn/", "基建处": "http://cco.hit.edu.cn/", "保卫处": "http://bwc.hit.edu.cn/", "保密处": "http://bmc.hit.edu.cn/", "离退休工作处": "http://ltxc.hit.edu.cn/", "网络安全和信息化办公室": "http://ca.hit.edu.cn/wxbgw/index", "实验室与设备管理处": "/_redirect?siteId=238&columnId=11332&articleId=218727", "--教学与科研机构--": "#", "航天学院": "http://sa.hit.edu.cn/", "电子与信息工程学院": "http://seie.hit.edu.cn/", "机电工程学院": "http://sme.hit.edu.cn/", "材料科学与工程学院": "http://mse.hit.edu.cn/", "能源科学与工程学院": "http://power.hit.edu.cn/", "电气工程及自动化学院": "http://hitee.hit.edu.cn/", "仪器科学与工程学院": "/_redirect?siteId=238&columnId=11332&articleId=219351", "数学学院": "http://math.hit.edu.cn/", "物理学院": "http://physics.hit.edu.cn/", "经济与管理学院": "http://som.hit.edu.cn/", "人文社科与法学学院": "http://rwxy.hit.edu.cn/", "马克思主义学院": "http://marx.hit.edu.cn/", "土木工程学院": "http://civil.hit.edu.cn/", "建筑学院": "http://arch.hit.edu.cn/", "交通科学与工程学院": "http://jtxy.hit.edu.cn/", "计算学部": "/_redirect?siteId=238&columnId=11332&articleId=220495", "计算机科学与技术学院": "http://computing.hit.edu.cn/", "国家示范性软件学院": "http://software.hit.edu.cn/", "化工与化学学院": "http://chemeng.hit.edu.cn/", "外国语学院": "http://fls.hit.edu.cn/", "未来技术学院": "https://future.hit.edu.cn/", "体育部": "http://tyb.hit.edu.cn/", "生命科学与技术学院": "http://life.hit.edu.cn/", "数学研究院": "/_redirect?siteId=238&columnId=11332&articleId=218750", "生命科学中心": "/_redirect?siteId=238&columnId=11332&articleId=218751", "基础学部": "http://jcxb.hit.edu.cn/", "环境学院": "http://env.hit.edu.cn/", "基础与交叉科学研究院": "http://afis.hit.edu.cn/", "大科学工程专项建设指挥部暨空间...": "/_redirect?siteId=238&columnId=11332&articleId=218755", "哈尔滨工业大学(深圳)": "http://www.hitsz.edu.cn/", "--直属单位--": "#", "档案馆": "http://dag.hit.edu.cn/", "校友工作办公室": "http://alumni.hit.edu.cn/site/xy_hit/xy/index/", "继续教育学院": "http://sce.hit.edu.cn/", "商学院": "http://hbs.hit.edu.cn/", "分析测试中心": "/_redirect?siteId=238&columnId=11332&articleId=218767", "建筑设计研究院": "http://www.hitadri.cn/", "后勤集团": "http://hqjt.hit.edu.cn/", "出版社": "http://hitpress.hit.edu.cn/", "--其他--": "#", "<img alt=\"\" class=\"img\" data-src=\"/_upload/tpl/02/df/735/template735/images/img1.png\"/>": "http://bszs.conac.cn/sitename?method=show&id=12B48E000FC333A4E053022819AC746F", "黑ICP备05006863号": "https://beian.miit.gov.cn/#/Integrated/index"}